onset	duration	sample	trial_type	value
0	0.002	1	New Segment	n/a
0	0.002	1	Scanner	Scan Start
2	0.002	1001	Scanner	Scan Start
4	0.002	2001	Scanner	Scan Start
6	0.002	3001	Scanner	Scan Start
7.094	0.002	3548	Stimulus	S 10
7.968	0.002	3985	Response	Hit
8	0.002	4001	Scanner	Scan Start
8.168	0.002	4085	Stimulus	S130
10	0.002	5001	Scanner	Scan Start
12	0.002	6001	Scanner	Scan Start
14	0.002	7001	Scanner	Scan Start
15.038	0.002	7520	Stimulus	S 40
15.606	0.002	7804	Response	CR
15.806	0.002	7904	Stimulus	S140
16	0.002	8001	Scanner	Scan Start
18	0.002	9001	Scanner	Scan Start
20	0.002	10001	Scanner	Scan Start
22	0.002	11001	Scanner	Scan Start
23.056	0.002	11529	Stimulus	S 30
23.7	0.002	11851	Response	CR
23.902	0.002	11952	Stimulus	S130
24	0.002	12001	Scanner	Scan Start
26	0.002	13001	Scanner	Scan Start
28	0.002	14001	Scanner	Scan Start
30	0.002	15001	Scanner	Scan Start
32	0.002	16001	Scanner	Scan Start
33.018	0.002	16510	Stimulus	S 40
33.806	0.002	16904	Response	CR
34	0.002	17001	Scanner	Scan Start
34.008	0.002	17005	Stimulus	S110
36	0.002	18001	Scanner	Scan Start
38	0.002	19001	Scanner	Scan Start
40	0.002	20001	Scanner	Scan Start
42	0.002	21001	Scanner	Scan Start
43.076	0.002	21539	Stimulus	S 10
43.714	0.002	21858	Response	MISS
43.914	0.002	21958	Stimulus	S160
44	0.002	22001	Scanner	Scan Start
46	0.002	23001	Scanner	Scan Start
48	0.002	24001	Scanner	Scan Start
50	0.002	25001	Scanner	Scan Start
52	0.002	26001	Scanner	Scan Start
53.038	0.002	26520	Stimulus	S 20
53.788	0.002	26895	Response	CR
53.988	0.002	26995	Stimulus	S120
54	0.002	27001	Scanner	Scan Start
56	0.002	28001	Scanner	Scan Start
58	0.002	29001	Scanner	Scan Start
60	0.002	30001	Scanner	Scan Start
62	0.002	31001	Scanner	Scan Start
63.096	0.002	31549	Stimulus	S 30
63.824	0.002	31913	Response	CR
64	0.002	32001	Scanner	Scan Start
64.026	0.002	32014	Stimulus	S140
66	0.002	33001	Scanner	Scan Start
68	0.002	34001	Scanner	Scan Start
70	0.002	35001	Scanner	Scan Start
71.058	0.002	35530	Stimulus	S 20
71.994	0.002	35998	Response	FA
72	0.002	36001	Scanner	Scan Start
73.696	0.002	36849	Stimulus	S171
74	0.002	37001	Scanner	Scan Start
76	0.002	38001	Scanner	Scan Start
78	0.002	39001	Scanner	Scan Start
79.02	0.002	39511	Stimulus	S 10
80	0.002	40001	Scanner	Scan Start
80.158	0.002	40080	Response	MISS
80.358	0.002	40180	Stimulus	S150
82	0.002	41001	Scanner	Scan Start
84	0.002	42001	Scanner	Scan Start
86	0.002	43001	Scanner	Scan Start
87.058	0.002	43530	Stimulus	S 20
88	0.002	44001	Scanner	Scan Start
88.082	0.002	44042	Response	CR
88.282	0.002	44142	Stimulus	S120
90	0.002	45001	Scanner	Scan Start
92	0.002	46001	Scanner	Scan Start
94	0.002	47001	Scanner	Scan Start
96	0.002	48001	Scanner	Scan Start
97.038	0.002	48520	Stimulus	S 10
97.962	0.002	48982	Response	MISS
98	0.002	49001	Scanner	Scan Start
98.162	0.002	49082	Stimulus	S180
100	0.002	50001	Scanner	Scan Start
102	0.002	51001	Scanner	Scan Start
104	0.002	52001	Scanner	Scan Start
105.096	0.002	52549	Stimulus	S 20
106	0.002	53001	Scanner	Scan Start
106.364	0.002	53183	Response	FA
106.566	0.002	53284	Stimulus	S160
108	0.002	54001	Scanner	Scan Start
110	0.002	55001	Scanner	Scan Start
112	0.002	56001	Scanner	Scan Start
113.02	0.002	56511	Stimulus	S 30
114	0.002	57001	Scanner	Scan Start
114.194	0.002	57098	Response	CR
114.396	0.002	57199	Stimulus	S110
116	0.002	58001	Scanner	Scan Start
118	0.002	59001	Scanner	Scan Start
120	0.002	60001	Scanner	Scan Start
122	0.002	61001	Scanner	Scan Start
123.096	0.002	61549	Stimulus	S 10
123.948	0.002	61975	Response	MISS
124	0.002	62001	Scanner	Scan Start
124.148	0.002	62075	Stimulus	S180
126	0.002	63001	Scanner	Scan Start
128	0.002	64001	Scanner	Scan Start
130	0.002	65001	Scanner	Scan Start
131.02	0.002	65511	Stimulus	S 30
131.762	0.002	65882	Response	CR
131.964	0.002	65983	Stimulus	S120
132	0.002	66001	Scanner	Scan Start
134	0.002	67001	Scanner	Scan Start
136	0.002	68001	Scanner	Scan Start
138	0.002	69001	Scanner	Scan Start
139.076	0.002	69539	Stimulus	S 10
140	0.002	70001	Scanner	Scan Start
140.116	0.002	70059	Response	MISS
141.816	0.002	70909	Stimulus	S171
142	0.002	71001	Scanner	Scan Start
144	0.002	72001	Scanner	Scan Start
146	0.002	73001	Scanner	Scan Start
147.038	0.002	73520	Stimulus	S 10
148	0.002	74001	Scanner	Scan Start
148.066	0.002	74034	Response	Hit
148.266	0.002	74134	Stimulus	S140
150	0.002	75001	Scanner	Scan Start
152	0.002	76001	Scanner	Scan Start
154	0.002	77001	Scanner	Scan Start
156	0.002	78001	Scanner	Scan Start
157.038	0.002	78520	Stimulus	S 40
158	0.002	79001	Scanner	Scan Start
158.032	0.002	79017	Response	FA
158.232	0.002	79117	Stimulus	S150
160	0.002	80001	Scanner	Scan Start
162	0.002	81001	Scanner	Scan Start
164	0.002	82001	Scanner	Scan Start
166	0.002	83001	Scanner	Scan Start
167.058	0.002	83530	Stimulus	S 30
167.748	0.002	83875	Response	FA
167.948	0.002	83975	Stimulus	S170
168	0.002	84001	Scanner	Scan Start
170	0.002	85001	Scanner	Scan Start
172	0.002	86001	Scanner	Scan Start
174	0.002	87001	Scanner	Scan Start
175.058	0.002	87530	Stimulus	S 20
176	0.002	88001	Scanner	Scan Start
176.354	0.002	88178	Response	FA
176.554	0.002	88278	Stimulus	S160
178	0.002	89001	Scanner	Scan Start
180	0.002	90001	Scanner	Scan Start
182	0.002	91001	Scanner	Scan Start
184	0.002	92001	Scanner	Scan Start
185.076	0.002	92539	Stimulus	S 20
186	0.002	93001	Scanner	Scan Start
186.292	0.002	93147	Response	CR
186.494	0.002	93248	Stimulus	S130
188	0.002	94001	Scanner	Scan Start
190	0.002	95001	Scanner	Scan Start
192	0.002	96001	Scanner	Scan Start
193.02	0.002	96511	Stimulus	S 40
193.772	0.002	96887	Response	CR
193.974	0.002	96988	Stimulus	S110
194	0.002	97001	Scanner	Scan Start
196	0.002	98001	Scanner	Scan Start
198	0.002	99001	Scanner	Scan Start
200	0.002	100001	Scanner	Scan Start
202	0.002	101001	Scanner	Scan Start
203.02	0.002	101511	Stimulus	S 40
203.648	0.002	101825	Response	CR
203.85	0.002	101926	Stimulus	S140
204	0.002	102001	Scanner	Scan Start
206	0.002	103001	Scanner	Scan Start
208	0.002	104001	Scanner	Scan Start
210	0.002	105001	Scanner	Scan Start
212	0.002	106001	Scanner	Scan Start
213.076	0.002	106539	Stimulus	S 10
213.77	0.002	106886	Response	MISS
213.97	0.002	106986	Stimulus	S150
214	0.002	107001	Scanner	Scan Start
216	0.002	108001	Scanner	Scan Start
218	0.002	109001	Scanner	Scan Start
220	0.002	110001	Scanner	Scan Start
222	0.002	111001	Scanner	Scan Start
223.096	0.002	111549	Stimulus	S 40
224	0.002	112001	Scanner	Scan Start
224.326	0.002	112164	Response	CR
224.528	0.002	112265	Stimulus	S120
226	0.002	113001	Scanner	Scan Start
228	0.002	114001	Scanner	Scan Start
230	0.002	115001	Scanner	Scan Start
231.056	0.002	115529	Stimulus	S 40
232	0.002	116001	Scanner	Scan Start
232.096	0.002	116049	Response	FA
232.296	0.002	116149	Stimulus	S180
234	0.002	117001	Scanner	Scan Start
236	0.002	118001	Scanner	Scan Start
238	0.002	119001	Scanner	Scan Start
239.076	0.002	119539	Stimulus	S 30
239.852	0.002	119927	Response	FA
240	0.002	120001	Scanner	Scan Start
240.054	0.002	120028	Stimulus	S170
242	0.002	121001	Scanner	Scan Start
244	0.002	122001	Scanner	Scan Start
246	0.002	123001	Scanner	Scan Start
247.056	0.002	123529	Stimulus	S 20
248	0.002	124001	Scanner	Scan Start
248.586	0.002	124294	Response	FA
248.788	0.002	124395	Stimulus	S150
250	0.002	125001	Scanner	Scan Start
252	0.002	126001	Scanner	Scan Start
254	0.002	127001	Scanner	Scan Start
256	0.002	128001	Scanner	Scan Start
257.018	0.002	128510	Stimulus	S 30
258	0.002	129001	Scanner	Scan Start
258.024	0.002	129013	Response	CR
259.726	0.002	129864	Stimulus	S111
260	0.002	130001	Scanner	Scan Start
262	0.002	131001	Scanner	Scan Start
264	0.002	132001	Scanner	Scan Start
266	0.002	133001	Scanner	Scan Start
267.076	0.002	133539	Stimulus	S 20
267.976	0.002	133989	Response	CR
268	0.002	134001	Scanner	Scan Start
268.176	0.002	134089	Stimulus	S130
270	0.002	135001	Scanner	Scan Start
272	0.002	136001	Scanner	Scan Start
274	0.002	137001	Scanner	Scan Start
275.094	0.002	137548	Stimulus	S 10
276	0.002	138001	Scanner	Scan Start
276.974	0.002	138488	Response	MISS
277.174	0.002	138588	Stimulus	S160
278	0.002	139001	Scanner	Scan Start
280	0.002	140001	Scanner	Scan Start
282	0.002	141001	Scanner	Scan Start
284	0.002	142001	Scanner	Scan Start
285.094	0.002	142548	Stimulus	S 30
286	0.002	143001	Scanner	Scan Start
286.524	0.002	143263	Response	FA
286.726	0.002	143364	Stimulus	S180
288	0.002	144001	Scanner	Scan Start
290	0.002	145001	Scanner	Scan Start
292	0.002	146001	Scanner	Scan Start
293.094	0.002	146548	Stimulus	S 20
294	0.002	147001	Scanner	Scan Start
294.986	0.002	147494	Response	FA
295.188	0.002	147595	Stimulus	S170
296	0.002	148001	Scanner	Scan Start
298	0.002	149001	Scanner	Scan Start
300	0.002	150001	Scanner	Scan Start
302	0.002	151001	Scanner	Scan Start
303.038	0.002	151520	Stimulus	S 40
304	0.002	152001	Scanner	Scan Start
304.884	0.002	152443	Response	FA
305.086	0.002	152544	Stimulus	S180
306	0.002	153001	Scanner	Scan Start
308	0.002	154001	Scanner	Scan Start
310	0.002	155001	Scanner	Scan Start
311.094	0.002	155548	Stimulus	S 10
312	0.002	156001	Scanner	Scan Start
313.104	0.002	156553	Response	MISS
313.304	0.002	156653	Stimulus	S150
314	0.002	157001	Scanner	Scan Start
316	0.002	158001	Scanner	Scan Start
318	0.002	159001	Scanner	Scan Start
320	0.002	160001	Scanner	Scan Start
321.056	0.002	160529	Stimulus	S 40
322	0.002	161001	Scanner	Scan Start
322.294	0.002	161148	Response	CR
322.496	0.002	161249	Stimulus	S110
324	0.002	162001	Scanner	Scan Start
326	0.002	163001	Scanner	Scan Start
328	0.002	164001	Scanner	Scan Start
330	0.002	165001	Scanner	Scan Start
331.02	0.002	165511	Stimulus	S 20
332	0.002	166001	Scanner	Scan Start
332.606	0.002	166304	Response	FA
332.808	0.002	166405	Stimulus	S160
334	0.002	167001	Scanner	Scan Start
336	0.002	168001	Scanner	Scan Start
338	0.002	169001	Scanner	Scan Start
340	0.002	170001	Scanner	Scan Start
341.058	0.002	170530	Stimulus	S 30
342	0.002	171001	Scanner	Scan Start
342.198	0.002	171100	Response	CR
343.9	0.002	171951	Stimulus	S131
344	0.002	172001	Scanner	Scan Start
346	0.002	173001	Scanner	Scan Start
348	0.002	174001	Scanner	Scan Start
350	0.002	175001	Scanner	Scan Start
351.02	0.002	175511	Stimulus	S 20
352	0.002	176001	Scanner	Scan Start
352.152	0.002	176077	Response	FA
352.354	0.002	176178	Stimulus	S170
354	0.002	177001	Scanner	Scan Start
356	0.002	178001	Scanner	Scan Start
358	0.002	179001	Scanner	Scan Start
359.058	0.002	179530	Stimulus	S 10
360	0.002	180001	Scanner	Scan Start
360.34	0.002	180171	Response	Hit
360.54	0.002	180271	Stimulus	S120
362	0.002	181001	Scanner	Scan Start
364	0.002	182001	Scanner	Scan Start
366	0.002	183001	Scanner	Scan Start
367.02	0.002	183511	Stimulus	S 40
368	0.002	184001	Scanner	Scan Start
368.09	0.002	184046	Response	CR
368.29	0.002	184146	Stimulus	S130
370	0.002	185001	Scanner	Scan Start
372	0.002	186001	Scanner	Scan Start
374	0.002	187001	Scanner	Scan Start
376	0.002	188001	Scanner	Scan Start
377.076	0.002	188539	Stimulus	S 20
378	0.002	189001	Scanner	Scan Start
378.382	0.002	189192	Response	CR
378.584	0.002	189293	Stimulus	S140
380	0.002	190001	Scanner	Scan Start
382	0.002	191001	Scanner	Scan Start
384	0.002	192001	Scanner	Scan Start
385.058	0.002	192530	Stimulus	S 40
385.976	0.002	192989	Response	CR
386	0.002	193001	Scanner	Scan Start
386.176	0.002	193089	Stimulus	S110
388	0.002	194001	Scanner	Scan Start
390	0.002	195001	Scanner	Scan Start
392	0.002	196001	Scanner	Scan Start
393.038	0.002	196520	Stimulus	S 30
394	0.002	197001	Scanner	Scan Start
394.528	0.002	197265	Response	CR
394.73	0.002	197366	Stimulus	S120
396	0.002	198001	Scanner	Scan Start
398	0.002	199001	Scanner	Scan Start
400	0.002	200001	Scanner	Scan Start
402	0.002	201001	Scanner	Scan Start
403.02	0.002	201511	Stimulus	S 10
404	0.002	202001	Scanner	Scan Start
404.154	0.002	202078	Response	MISS
404.356	0.002	202179	Stimulus	S180
406	0.002	203001	Scanner	Scan Start
408	0.002	204001	Scanner	Scan Start
410	0.002	205001	Scanner	Scan Start
411.02	0.002	205511	Stimulus	S 20
412	0.002	206001	Scanner	Scan Start
412.014	0.002	206008	Response	CR
412.216	0.002	206109	Stimulus	S140
414	0.002	207001	Scanner	Scan Start
416	0.002	208001	Scanner	Scan Start
418	0.002	209001	Scanner	Scan Start
419.096	0.002	209549	Stimulus	S 20
420	0.002	210001	Scanner	Scan Start
420.146	0.002	210074	Response	CR
420.346	0.002	210174	Stimulus	S130
422	0.002	211001	Scanner	Scan Start
424	0.002	212001	Scanner	Scan Start
426	0.002	213001	Scanner	Scan Start
428	0.002	214001	Scanner	Scan Start
429.038	0.002	214520	Stimulus	S 10
430	0.002	215001	Scanner	Scan Start
430.004	0.002	215003	Response	MISS
430.204	0.002	215103	Stimulus	S160
432	0.002	216001	Scanner	Scan Start
434	0.002	217001	Scanner	Scan Start
436	0.002	218001	Scanner	Scan Start
437.058	0.002	218530	Stimulus	S 40
437.976	0.002	218989	Response	CR
438	0.002	219001	Scanner	Scan Start
438.178	0.002	219090	Stimulus	S110
440	0.002	220001	Scanner	Scan Start
442	0.002	221001	Scanner	Scan Start
444	0.002	222001	Scanner	Scan Start
445.076	0.002	222539	Stimulus	S 20
446	0.002	223001	Scanner	Scan Start
446.98	0.002	223491	Response	FA
448	0.002	224001	Scanner	Scan Start
448.68	0.002	224341	Stimulus	S151
450	0.002	225001	Scanner	Scan Start
452	0.002	226001	Scanner	Scan Start
454	0.002	227001	Scanner	Scan Start
455.056	0.002	227529	Stimulus	S 10
456	0.002	228001	Scanner	Scan Start
456.562	0.002	228282	Response	MISS
456.762	0.002	228382	Stimulus	S170
458	0.002	229001	Scanner	Scan Start
460	0.002	230001	Scanner	Scan Start
462	0.002	231001	Scanner	Scan Start
464	0.002	232001	Scanner	Scan Start
465.018	0.002	232510	Stimulus	S 20
466	0.002	233001	Scanner	Scan Start
467.05	0.002	233526	Stimulus	S190
468	0.002	234001	Scanner	Scan Start
470	0.002	235001	Scanner	Scan Start
472	0.002	236001	Scanner	Scan Start
474	0.002	237001	Scanner	Scan Start
475.018	0.002	237510	Stimulus	S 30
475.668	0.002	237835	Response	CR
475.87	0.002	237936	Stimulus	S120
476	0.002	238001	Scanner	Scan Start
478	0.002	239001	Scanner	Scan Start
480	0.002	240001	Scanner	Scan Start
482	0.002	241001	Scanner	Scan Start
484	0.002	242001	Scanner	Scan Start
485.056	0.002	242529	Stimulus	S 30
485.664	0.002	242833	Response	CR
485.866	0.002	242934	Stimulus	S110
486	0.002	243001	Scanner	Scan Start
488	0.002	244001	Scanner	Scan Start
490	0.002	245001	Scanner	Scan Start
492	0.002	246001	Scanner	Scan Start
493.056	0.002	246529	Stimulus	S 10
494	0.002	247001	Scanner	Scan Start
494.118	0.002	247060	Response	MISS
495.82	0.002	247911	Stimulus	S161
496	0.002	248001	Scanner	Scan Start
498	0.002	249001	Scanner	Scan Start
500	0.002	250001	Scanner	Scan Start
502	0.002	251001	Scanner	Scan Start
503.018	0.002	251510	Stimulus	S 30
503.716	0.002	251859	Response	CR
503.918	0.002	251960	Stimulus	S120
504	0.002	252001	Scanner	Scan Start
506	0.002	253001	Scanner	Scan Start
508	0.002	254001	Scanner	Scan Start
510	0.002	255001	Scanner	Scan Start
511.076	0.002	255539	Stimulus	S 30
512	0.002	256001	Scanner	Scan Start
512.128	0.002	256065	Response	CR
512.33	0.002	256166	Stimulus	S140
514	0.002	257001	Scanner	Scan Start
516	0.002	258001	Scanner	Scan Start
518	0.002	259001	Scanner	Scan Start
519.056	0.002	259529	Stimulus	S 40
519.978	0.002	259990	Response	CR
520	0.002	260001	Scanner	Scan Start
520.18	0.002	260091	Stimulus	S130
522	0.002	261001	Scanner	Scan Start
524	0.002	262001	Scanner	Scan Start
526	0.002	263001	Scanner	Scan Start
528	0.002	264001	Scanner	Scan Start
529.038	0.002	264520	Stimulus	S 40
530	0.002	265001	Scanner	Scan Start
530.304	0.002	265153	Response	CR
530.506	0.002	265254	Stimulus	S140
532	0.002	266001	Scanner	Scan Start
534	0.002	267001	Scanner	Scan Start
536	0.002	268001	Scanner	Scan Start
538	0.002	269001	Scanner	Scan Start
539.038	0.002	269520	Stimulus	S 10
540	0.002	270001	Scanner	Scan Start
540.094	0.002	270048	Response	Hit
540.296	0.002	270149	Stimulus	S110
542	0.002	271001	Scanner	Scan Start
544	0.002	272001	Scanner	Scan Start
546	0.002	273001	Scanner	Scan Start
547.018	0.002	273510	Stimulus	S 10
547.986	0.002	273994	Response	MISS
548	0.002	274001	Scanner	Scan Start
548.188	0.002	274095	Stimulus	S150
550	0.002	275001	Scanner	Scan Start
552	0.002	276001	Scanner	Scan Start
554	0.002	277001	Scanner	Scan Start
555.076	0.002	277539	Stimulus	S 30
555.74	0.002	277871	Response	CR
555.94	0.002	277971	Stimulus	S130
556	0.002	278001	Scanner	Scan Start
558	0.002	279001	Scanner	Scan Start
560	0.002	280001	Scanner	Scan Start
562	0.002	281001	Scanner	Scan Start
563.096	0.002	281549	Stimulus	S 20
564	0.002	282001	Scanner	Scan Start
564.272	0.002	282137	Response	CR
564.474	0.002	282238	Stimulus	S140
566	0.002	283001	Scanner	Scan Start
568	0.002	284001	Scanner	Scan Start
570	0.002	285001	Scanner	Scan Start
572	0.002	286001	Scanner	Scan Start
573.02	0.002	286511	Stimulus	S 40
574	0.002	287001	Scanner	Scan Start
574.118	0.002	287060	Response	FA
574.318	0.002	287160	Stimulus	S180
576	0.002	288001	Scanner	Scan Start
578	0.002	289001	Scanner	Scan Start
580	0.002	290001	Scanner	Scan Start
582	0.002	291001	Scanner	Scan Start
583.02	0.002	291511	Stimulus	S 10
584	0.002	292001	Scanner	Scan Start
584.43	0.002	292216	Response	MISS
584.63	0.002	292316	Stimulus	S170
586	0.002	293001	Scanner	Scan Start
588	0.002	294001	Scanner	Scan Start
590	0.002	295001	Scanner	Scan Start
591.058	0.002	295530	Stimulus	S 40
591.946	0.002	295974	Response	CR
592	0.002	296001	Scanner	Scan Start
592.146	0.002	296074	Stimulus	S110
594	0.002	297001	Scanner	Scan Start
596	0.002	298001	Scanner	Scan Start
598	0.002	299001	Scanner	Scan Start
600	0.002	300001	Scanner	Scan Start
601.038	0.002	300520	Stimulus	S 20
602	0.002	301001	Scanner	Scan Start
602.214	0.002	301108	Response	CR
602.414	0.002	301208	Stimulus	S130
604	0.002	302001	Scanner	Scan Start
606	0.002	303001	Scanner	Scan Start
608	0.002	304001	Scanner	Scan Start
609.096	0.002	304549	Stimulus	S 30
610	0.002	305001	Scanner	Scan Start
610.05	0.002	305026	Response	FA
611.75	0.002	305876	Stimulus	S181
612	0.002	306001	Scanner	Scan Start
614	0.002	307001	Scanner	Scan Start
616	0.002	308001	Scanner	Scan Start
617.076	0.002	308539	Stimulus	S 20
618	0.002	309001	Scanner	Scan Start
618.646	0.002	309324	Response	CR
618.848	0.002	309425	Stimulus	S120
620	0.002	310001	Scanner	Scan Start
622	0.002	311001	Scanner	Scan Start
624	0.002	312001	Scanner	Scan Start
625.058	0.002	312530	Stimulus	S 30
625.772	0.002	312887	Response	CR
625.974	0.002	312988	Stimulus	S140
626	0.002	313001	Scanner	Scan Start
628	0.002	314001	Scanner	Scan Start
630	0.002	315001	Scanner	Scan Start
632	0.002	316001	Scanner	Scan Start
633.038	0.002	316520	Stimulus	S 40
633.61	0.002	316806	Response	CR
633.812	0.002	316907	Stimulus	S120
634	0.002	317001	Scanner	Scan Start
636	0.002	318001	Scanner	Scan Start
638	0.002	319001	Scanner	Scan Start
640	0.002	320001	Scanner	Scan Start
642	0.002	321001	Scanner	Scan Start
643.058	0.002	321530	Stimulus	S 10
643.824	0.002	321913	Response	MISS
644	0.002	322001	Scanner	Scan Start
644.024	0.002	322013	Stimulus	S160
646	0.002	323001	Scanner	Scan Start
648	0.002	324001	Scanner	Scan Start
650	0.002	325001	Scanner	Scan Start
652	0.002	326001	Scanner	Scan Start
653.038	0.002	326520	Stimulus	S 30
653.77	0.002	326886	Response	CR
653.97	0.002	326986	Stimulus	S140
654	0.002	327001	Scanner	Scan Start
656	0.002	328001	Scanner	Scan Start
658	0.002	329001	Scanner	Scan Start
660	0.002	330001	Scanner	Scan Start
661.038	0.002	330520	Stimulus	S 20
662	0.002	331001	Scanner	Scan Start
662.564	0.002	331283	Response	FA
662.764	0.002	331383	Stimulus	S150
664	0.002	332001	Scanner	Scan Start
666	0.002	333001	Scanner	Scan Start
668	0.002	334001	Scanner	Scan Start
670	0.002	335001	Scanner	Scan Start
671.056	0.002	335529	Stimulus	S 40
671.692	0.002	335847	Response	CR
671.892	0.002	335947	Stimulus	S110
672	0.002	336001	Scanner	Scan Start
674	0.002	337001	Scanner	Scan Start
676	0.002	338001	Scanner	Scan Start
678	0.002	339001	Scanner	Scan Start
679.076	0.002	339539	Stimulus	S 20
680	0.002	340001	Scanner	Scan Start
680.338	0.002	340170	Response	CR
680.538	0.002	340270	Stimulus	S120
682	0.002	341001	Scanner	Scan Start
684	0.002	342001	Scanner	Scan Start
686	0.002	343001	Scanner	Scan Start
688	0.002	344001	Scanner	Scan Start
689.018	0.002	344510	Stimulus	S 10
690	0.002	345001	Scanner	Scan Start
690.062	0.002	345032	Response	MISS
690.264	0.002	345133	Stimulus	S180
692	0.002	346001	Scanner	Scan Start
694	0.002	347001	Scanner	Scan Start
696	0.002	348001	Scanner	Scan Start
697.094	0.002	348548	Stimulus	S 40
697.95	0.002	348976	Response	CR
698	0.002	349001	Scanner	Scan Start
699.65	0.002	349826	Stimulus	S111
700	0.002	350001	Scanner	Scan Start
702	0.002	351001	Scanner	Scan Start
704	0.002	352001	Scanner	Scan Start
705.018	0.002	352510	Stimulus	S 10
706	0.002	353001	Scanner	Scan Start
706.324	0.002	353163	Response	MISS
706.524	0.002	353263	Stimulus	S160
708	0.002	354001	Scanner	Scan Start
710	0.002	355001	Scanner	Scan Start
712	0.002	356001	Scanner	Scan Start
713.038	0.002	356520	Stimulus	S 30
713.838	0.002	356920	Response	CR
714	0.002	357001	Scanner	Scan Start
714.04	0.002	357021	Stimulus	S130
716	0.002	358001	Scanner	Scan Start
718	0.002	359001	Scanner	Scan Start
720	0.002	360001	Scanner	Scan Start
721.094	0.002	360548	Stimulus	S 20
722	0.002	361001	Scanner	Scan Start
722.234	0.002	361118	Response	CR
722.434	0.002	361218	Stimulus	S120
724	0.002	362001	Scanner	Scan Start
726	0.002	363001	Scanner	Scan Start
728	0.002	364001	Scanner	Scan Start
730	0.002	365001	Scanner	Scan Start
731.094	0.002	365548	Stimulus	S 30
731.976	0.002	365989	Response	CR
732	0.002	366001	Scanner	Scan Start
732.176	0.002	366089	Stimulus	S140
734	0.002	367001	Scanner	Scan Start
736	0.002	368001	Scanner	Scan Start
738	0.002	369001	Scanner	Scan Start
740	0.002	370001	Scanner	Scan Start
741.076	0.002	370539	Stimulus	S 40
741.898	0.002	370950	Response	CR
742	0.002	371001	Scanner	Scan Start
742.098	0.002	371050	Stimulus	S130
744	0.002	372001	Scanner	Scan Start
746	0.002	373001	Scanner	Scan Start
748	0.002	374001	Scanner	Scan Start
750	0.002	375001	Scanner	Scan Start
751.02	0.002	375511	Stimulus	S 30
751.972	0.002	375987	Response	CR
752	0.002	376001	Scanner	Scan Start
752.172	0.002	376087	Stimulus	S110
754	0.002	377001	Scanner	Scan Start
756	0.002	378001	Scanner	Scan Start
758	0.002	379001	Scanner	Scan Start
760	0.002	380001	Scanner	Scan Start
761.038	0.002	380520	Stimulus	S 20
762	0.002	381001	Scanner	Scan Start
762.434	0.002	381218	Response	CR
762.634	0.002	381318	Stimulus	S130
764	0.002	382001	Scanner	Scan Start
766	0.002	383001	Scanner	Scan Start
768	0.002	384001	Scanner	Scan Start
769.038	0.002	384520	Stimulus	S 10
770	0.002	385001	Scanner	Scan Start
770.128	0.002	385065	Response	MISS
770.33	0.002	385166	Stimulus	S170
772	0.002	386001	Scanner	Scan Start
774	0.002	387001	Scanner	Scan Start
776	0.002	388001	Scanner	Scan Start
777.096	0.002	388549	Stimulus	S 30
778	0.002	389001	Scanner	Scan Start
778.018	0.002	389010	Response	CR
779.718	0.002	389860	Stimulus	S121
780	0.002	390001	Scanner	Scan Start
782	0.002	391001	Scanner	Scan Start
784	0.002	392001	Scanner	Scan Start
786	0.002	393001	Scanner	Scan Start
787.038	0.002	393520	Stimulus	S 10
788	0.002	394001	Scanner	Scan Start
788.526	0.002	394264	Response	Hit
788.728	0.002	394365	Stimulus	S140
790	0.002	395001	Scanner	Scan Start
792	0.002	396001	Scanner	Scan Start
794	0.002	397001	Scanner	Scan Start
796	0.002	398001	Scanner	Scan Start
797.058	0.002	398530	Stimulus	S 40
797.932	0.002	398967	Response	CR
798	0.002	399001	Scanner	Scan Start
798.134	0.002	399068	Stimulus	S110
800	0.002	400001	Scanner	Scan Start
802	0.002	401001	Scanner	Scan Start
804	0.002	402001	Scanner	Scan Start
806	0.002	403001	Scanner	Scan Start
807.076	0.002	403539	Stimulus	S 40
807.796	0.002	403899	Response	CR
807.998	0.002	404000	Stimulus	S140
808	0.002	404001	Scanner	Scan Start
810	0.002	405001	Scanner	Scan Start
812	0.002	406001	Scanner	Scan Start
814	0.002	407001	Scanner	Scan Start
816	0.002	408001	Scanner	Scan Start
817.096	0.002	408549	Stimulus	S 10
818	0.002	409001	Scanner	Scan Start
818.272	0.002	409137	Response	MISS
818.472	0.002	409237	Stimulus	S150
820	0.002	410001	Scanner	Scan Start
822	0.002	411001	Scanner	Scan Start
824	0.002	412001	Scanner	Scan Start
825.02	0.002	412511	Stimulus	S 20
826	0.002	413001	Scanner	Scan Start
826.144	0.002	413073	Response	CR
826.346	0.002	413174	Stimulus	S120
828	0.002	414001	Scanner	Scan Start
830	0.002	415001	Scanner	Scan Start
832	0.002	416001	Scanner	Scan Start
834	0.002	417001	Scanner	Scan Start
835.038	0.002	417520	Stimulus	S 40
835.984	0.002	417993	Response	CR
836	0.002	418001	Scanner	Scan Start
836.186	0.002	418094	Stimulus	S130
838	0.002	419001	Scanner	Scan Start
840	0.002	420001	Scanner	Scan Start
842	0.002	421001	Scanner	Scan Start
843.076	0.002	421539	Stimulus	S 30
843.764	0.002	421883	Response	CR
843.966	0.002	421984	Stimulus	S140
844	0.002	422001	Scanner	Scan Start
846	0.002	423001	Scanner	Scan Start
848	0.002	424001	Scanner	Scan Start
850	0.002	425001	Scanner	Scan Start
852	0.002	426001	Scanner	Scan Start
853.058	0.002	426530	Stimulus	S 30
853.728	0.002	426865	Response	CR
853.93	0.002	426966	Stimulus	S120
854	0.002	427001	Scanner	Scan Start
856	0.002	428001	Scanner	Scan Start
858	0.002	429001	Scanner	Scan Start
860	0.002	430001	Scanner	Scan Start
861.02	0.002	430511	Stimulus	S 20
862	0.002	431001	Scanner	Scan Start
862.616	0.002	431309	Response	CR
862.816	0.002	431409	Stimulus	S110
864	0.002	432001	Scanner	Scan Start
866	0.002	433001	Scanner	Scan Start
868	0.002	434001	Scanner	Scan Start
870	0.002	435001	Scanner	Scan Start
871.058	0.002	435530	Stimulus	S 20
872	0.002	436001	Scanner	Scan Start
872.392	0.002	436197	Response	FA
872.594	0.002	436298	Stimulus	S170
874	0.002	437001	Scanner	Scan Start
876	0.002	438001	Scanner	Scan Start
878	0.002	439001	Scanner	Scan Start
879.058	0.002	439530	Stimulus	S 10
880	0.002	440001	Scanner	Scan Start
880.866	0.002	440434	Response	MISS
881.066	0.002	440534	Stimulus	S160
882	0.002	441001	Scanner	Scan Start
884	0.002	442001	Scanner	Scan Start
886	0.002	443001	Scanner	Scan Start
888	0.002	444001	Scanner	Scan Start
889.076	0.002	444539	Stimulus	S 30
889.926	0.002	444964	Response	CR
890	0.002	445001	Scanner	Scan Start
890.128	0.002	445065	Stimulus	S130
892	0.002	446001	Scanner	Scan Start
894	0.002	447001	Scanner	Scan Start
896	0.002	448001	Scanner	Scan Start
897.038	0.002	448520	Stimulus	S 20
898	0.002	449001	Scanner	Scan Start
898.242	0.002	449122	Response	CR
898.444	0.002	449223	Stimulus	S110
900	0.002	450001	Scanner	Scan Start
902	0.002	451001	Scanner	Scan Start
904	0.002	452001	Scanner	Scan Start
906	0.002	453001	Scanner	Scan Start
907.056	0.002	453529	Stimulus	S 10
908	0.002	454001	Scanner	Scan Start
908.692	0.002	454347	Response	Hit
910	0.002	455001	Scanner	Scan Start
910.394	0.002	455198	Stimulus	S141
912	0.002	456001	Scanner	Scan Start
914	0.002	457001	Scanner	Scan Start
916	0.002	458001	Scanner	Scan Start
917.076	0.002	458539	Stimulus	S 40
917.976	0.002	458989	Response	CR
918	0.002	459001	Scanner	Scan Start
918.178	0.002	459090	Stimulus	S130
920	0.002	460001	Scanner	Scan Start
922	0.002	461001	Scanner	Scan Start
924	0.002	462001	Scanner	Scan Start
926	0.002	463001	Scanner	Scan Start
927.018	0.002	463510	Stimulus	S 40
927.808	0.002	463905	Response	CR
928	0.002	464001	Scanner	Scan Start
928.01	0.002	464006	Stimulus	S120
930	0.002	465001	Scanner	Scan Start
932	0.002	466001	Scanner	Scan Start
934	0.002	467001	Scanner	Scan Start
935.038	0.002	467520	Stimulus	S 30
935.736	0.002	467869	Response	CR
935.938	0.002	467970	Stimulus	S140
936	0.002	468001	Scanner	Scan Start
938	0.002	469001	Scanner	Scan Start
940	0.002	470001	Scanner	Scan Start
942	0.002	471001	Scanner	Scan Start
944	0.002	472001	Scanner	Scan Start
945.094	0.002	472548	Stimulus	S 10
946	0.002	473001	Scanner	Scan Start
946.212	0.002	473107	Response	Hit
946.414	0.002	473208	Stimulus	S110
948	0.002	474001	Scanner	Scan Start
950	0.002	475001	Scanner	Scan Start
952	0.002	476001	Scanner	Scan Start
954	0.002	477001	Scanner	Scan Start
955.076	0.002	477539	Stimulus	S 10
956	0.002	478001	Scanner	Scan Start
956.294	0.002	478148	Response	Hit
956.496	0.002	478249	Stimulus	S120
958	0.002	479001	Scanner	Scan Start
960	0.002	480001	Scanner	Scan Start
962	0.002	481001	Scanner	Scan Start
963.094	0.002	481548	Stimulus	S 40
963.864	0.002	481933	Response	CR
964	0.002	482001	Scanner	Scan Start
964.066	0.002	482034	Stimulus	S110
966	0.002	483001	Scanner	Scan Start
968	0.002	484001	Scanner	Scan Start
970	0.002	485001	Scanner	Scan Start
971.018	0.002	485510	Stimulus	S 40
971.76	0.002	485881	Response	CR
972	0.002	486001	Scanner	Scan Start
973.462	0.002	486732	Stimulus	S121
974	0.002	487001	Scanner	Scan Start
976	0.002	488001	Scanner	Scan Start
978	0.002	489001	Scanner	Scan Start
979.018	0.002	489510	Stimulus	S 10
980	0.002	490001	Scanner	Scan Start
980.534	0.002	490268	Response	Hit
980.736	0.002	490369	Stimulus	S130
982	0.002	491001	Scanner	Scan Start
984	0.002	492001	Scanner	Scan Start
986	0.002	493001	Scanner	Scan Start
988	0.002	494001	Scanner	Scan Start
989.096	0.002	494549	Stimulus	S 20
990	0.002	495001	Scanner	Scan Start
990.208	0.002	495105	Response	CR
990.41	0.002	495206	Stimulus	S140
992	0.002	496001	Scanner	Scan Start
994	0.002	497001	Scanner	Scan Start
996	0.002	498001	Scanner	Scan Start
997.094	0.002	498548	Stimulus	S 30
997.94	0.002	498971	Response	CR
998	0.002	499001	Scanner	Scan Start
998.142	0.002	499072	Stimulus	S130
1000	0.002	500001	Scanner	Scan Start
1002	0.002	501001	Scanner	Scan Start
1004	0.002	502001	Scanner	Scan Start
1005.094	0.002	502548	Stimulus	S 40
1005.95	0.002	502976	Response	CR
1006	0.002	503001	Scanner	Scan Start
1006.152	0.002	503077	Stimulus	S110
1008	0.002	504001	Scanner	Scan Start
1010	0.002	505001	Scanner	Scan Start
1012	0.002	506001	Scanner	Scan Start
1013.094	0.002	506548	Stimulus	S 20
1014	0.002	507001	Scanner	Scan Start
1014.482	0.002	507242	Response	CR
1014.684	0.002	507343	Stimulus	S130
1016	0.002	508001	Scanner	Scan Start
1018	0.002	509001	Scanner	Scan Start
1020	0.002	510001	Scanner	Scan Start
1021.038	0.002	510520	Stimulus	S 40
1021.79	0.002	510896	Response	CR
1021.992	0.002	510997	Stimulus	S110
1022	0.002	511001	Scanner	Scan Start
1024	0.002	512001	Scanner	Scan Start
1026	0.002	513001	Scanner	Scan Start
1028	0.002	514001	Scanner	Scan Start
1030	0.002	515001	Scanner	Scan Start
1031.058	0.002	515530	Stimulus	S 10
1032	0.002	516001	Scanner	Scan Start
1032.122	0.002	516062	Response	Hit
1032.324	0.002	516163	Stimulus	S140
1034	0.002	517001	Scanner	Scan Start
1036	0.002	518001	Scanner	Scan Start
1038	0.002	519001	Scanner	Scan Start
1039.038	0.002	519520	Stimulus	S 20
1039.996	0.002	519999	Response	CR
1040	0.002	520001	Scanner	Scan Start
1040.198	0.002	520100	Stimulus	S130
1042	0.002	521001	Scanner	Scan Start
1044	0.002	522001	Scanner	Scan Start
1046	0.002	523001	Scanner	Scan Start
1047.038	0.002	523520	Stimulus	S 30
1048	0.002	524001	Scanner	Scan Start
1048.4	0.002	524201	Response	CR
1048.602	0.002	524302	Stimulus	S120
1050	0.002	525001	Scanner	Scan Start
1052	0.002	526001	Scanner	Scan Start
1054	0.002	527001	Scanner	Scan Start
1056	0.002	528001	Scanner	Scan Start
1057.076	0.002	528539	Stimulus	S 10
1058	0.002	529001	Scanner	Scan Start
1058.72	0.002	529361	Response	Hit
1058.92	0.002	529461	Stimulus	S140
1060	0.002	530001	Scanner	Scan Start
1062	0.002	531001	Scanner	Scan Start
1064	0.002	532001	Scanner	Scan Start
1066	0.002	533001	Scanner	Scan Start
1067.076	0.002	533539	Stimulus	S 30
1067.904	0.002	533953	Response	CR
1068	0.002	534001	Scanner	Scan Start
1068.106	0.002	534054	Stimulus	S120
1070	0.002	535001	Scanner	Scan Start
1072	0.002	536001	Scanner	Scan Start
1074	0.002	537001	Scanner	Scan Start
1076	0.002	538001	Scanner	Scan Start
1077.038	0.002	538520	Stimulus	S 30
1078	0.002	539001	Scanner	Scan Start
1078.014	0.002	539008	Response	CR
1079.714	0.002	539858	Stimulus	S111
1080	0.002	540001	Scanner	Scan Start
1082	0.002	541001	Scanner	Scan Start
1084	0.002	542001	Scanner	Scan Start
1086	0.002	543001	Scanner	Scan Start
1087.058	0.002	543530	Stimulus	S 20
1088	0.002	544001	Scanner	Scan Start
1088.686	0.002	544344	Response	CR
1088.888	0.002	544445	Stimulus	S140
1090	0.002	545001	Scanner	Scan Start
1092	0.002	546001	Scanner	Scan Start
1094	0.002	547001	Scanner	Scan Start
1095.096	0.002	547549	Stimulus	S 40
1095.84	0.002	547921	Response	CR
1096	0.002	548001	Scanner	Scan Start
1096.04	0.002	548021	Stimulus	S130
1098	0.002	549001	Scanner	Scan Start
1100	0.002	550001	Scanner	Scan Start
1102	0.002	551001	Scanner	Scan Start
1103.076	0.002	551539	Stimulus	S 30
1103.73	0.002	551866	Response	CR
1103.932	0.002	551967	Stimulus	S110
1104	0.002	552001	Scanner	Scan Start
1106	0.002	553001	Scanner	Scan Start
1108	0.002	554001	Scanner	Scan Start
1110	0.002	555001	Scanner	Scan Start
1112	0.002	556001	Scanner	Scan Start
1113.038	0.002	556520	Stimulus	S 10
1114	0.002	557001	Scanner	Scan Start
1114.66	0.002	557331	Response	MISS
1114.862	0.002	557432	Stimulus	S150
1116	0.002	558001	Scanner	Scan Start
1118	0.002	559001	Scanner	Scan Start
1120	0.002	560001	Scanner	Scan Start
1122	0.002	561001	Scanner	Scan Start
1123.094	0.002	561548	Stimulus	S 20
1124	0.002	562001	Scanner	Scan Start
1124.268	0.002	562135	Response	CR
1124.47	0.002	562236	Stimulus	S140
1126	0.002	563001	Scanner	Scan Start
1128	0.002	564001	Scanner	Scan Start
1130	0.002	565001	Scanner	Scan Start
1132	0.002	566001	Scanner	Scan Start
1133.094	0.002	566548	Stimulus	S 20
1134	0.002	567001	Scanner	Scan Start
1134.178	0.002	567090	Response	CR
1135.88	0.002	567941	Stimulus	S121
1136	0.002	568001	Scanner	Scan Start
1138	0.002	569001	Scanner	Scan Start
1140	0.002	570001	Scanner	Scan Start
1142	0.002	571001	Scanner	Scan Start
1143.094	0.002	571548	Stimulus	S 40
1143.946	0.002	571974	Response	CR
1144	0.002	572001	Scanner	Scan Start
1144.146	0.002	572074	Stimulus	S130
1146	0.002	573001	Scanner	Scan Start
1148	0.002	574001	Scanner	Scan Start
1150	0.002	575001	Scanner	Scan Start
1151.056	0.002	575529	Stimulus	S 10
1152	0.002	576001	Scanner	Scan Start
1152.08	0.002	576041	Response	Hit
1152.28	0.002	576141	Stimulus	S120
1154	0.002	577001	Scanner	Scan Start
1156	0.002	578001	Scanner	Scan Start
1158	0.002	579001	Scanner	Scan Start
1160	0.002	580001	Scanner	Scan Start
1161.058	0.002	580530	Stimulus	S 30
1161.97	0.002	580986	Response	CR
1162	0.002	581001	Scanner	Scan Start
1162.172	0.002	581087	Stimulus	S130
1164	0.002	582001	Scanner	Scan Start
1166	0.002	583001	Scanner	Scan Start
1168	0.002	584001	Scanner	Scan Start
1170	0.002	585001	Scanner	Scan Start
1171.038	0.002	585520	Stimulus	S 10
1172	0.002	586001	Scanner	Scan Start
1172.406	0.002	586204	Response	Hit
1172.608	0.002	586305	Stimulus	S120
1174	0.002	587001	Scanner	Scan Start
1176	0.002	588001	Scanner	Scan Start
1178	0.002	589001	Scanner	Scan Start
1179.096	0.002	589549	Stimulus	S 40
1179.694	0.002	589848	Response	CR
1179.896	0.002	589949	Stimulus	S110
1180	0.002	590001	Scanner	Scan Start
1182	0.002	591001	Scanner	Scan Start
1184	0.002	592001	Scanner	Scan Start
1186	0.002	593001	Scanner	Scan Start
1188	0.002	594001	Scanner	Scan Start
1189.02	0.002	594511	Stimulus	S 20
1190	0.002	595001	Scanner	Scan Start
1190.068	0.002	595035	Response	CR
1190.268	0.002	595135	Stimulus	S130
1192	0.002	596001	Scanner	Scan Start
1194	0.002	597001	Scanner	Scan Start
1196	0.002	598001	Scanner	Scan Start
1197.02	0.002	598511	Stimulus	S 20
1198	0.002	599001	Scanner	Scan Start
1198.32	0.002	599161	Response	CR
1198.522	0.002	599262	Stimulus	S110
1200	0.002	600001	Scanner	Scan Start
1202	0.002	601001	Scanner	Scan Start
1204	0.002	602001	Scanner	Scan Start
1206	0.002	603001	Scanner	Scan Start
1207.038	0.002	603520	Stimulus	S 30
1207.752	0.002	603877	Response	CR
1207.952	0.002	603977	Stimulus	S140
1208	0.002	604001	Scanner	Scan Start
1210	0.002	605001	Scanner	Scan Start
1212	0.002	606001	Scanner	Scan Start
1214	0.002	607001	Scanner	Scan Start
1215.038	0.002	607520	Stimulus	S 40
1215.776	0.002	607889	Response	CR
1215.976	0.002	607989	Stimulus	S120
1216	0.002	608001	Scanner	Scan Start
1218	0.002	609001	Scanner	Scan Start
1220	0.002	610001	Scanner	Scan Start
1222	0.002	611001	Scanner	Scan Start
1223.076	0.002	611539	Stimulus	S 20
1224	0.002	612001	Scanner	Scan Start
1224.146	0.002	612074	Response	CR
1224.348	0.002	612175	Stimulus	S140
1226	0.002	613001	Scanner	Scan Start
1228	0.002	614001	Scanner	Scan Start
1230	0.002	615001	Scanner	Scan Start
1232	0.002	616001	Scanner	Scan Start
1233.076	0.002	616539	Stimulus	S 10
1234	0.002	617001	Scanner	Scan Start
1234.144	0.002	617073	Response	Hit
1234.344	0.002	617173	Stimulus	S130
1236	0.002	618001	Scanner	Scan Start
1238	0.002	619001	Scanner	Scan Start
1240	0.002	620001	Scanner	Scan Start
1241.076	0.002	620539	Stimulus	S 40
1241.824	0.002	620913	Response	CR
1242	0.002	621001	Scanner	Scan Start
1242.026	0.002	621014	Stimulus	S120
1244	0.002	622001	Scanner	Scan Start
1246	0.002	623001	Scanner	Scan Start
1248	0.002	624001	Scanner	Scan Start
1249.038	0.002	624520	Stimulus	S 20
1249.904	0.002	624953	Response	CR
1250	0.002	625001	Scanner	Scan Start
1250.104	0.002	625053	Stimulus	S140
1252	0.002	626001	Scanner	Scan Start
1254	0.002	627001	Scanner	Scan Start
1256	0.002	628001	Scanner	Scan Start
1257.076	0.002	628539	Stimulus	S 30
1257.752	0.002	628877	Response	CR
1258	0.002	629001	Scanner	Scan Start
1259.454	0.002	629728	Stimulus	S131
1260	0.002	630001	Scanner	Scan Start
1262	0.002	631001	Scanner	Scan Start
1264	0.002	632001	Scanner	Scan Start
1265.076	0.002	632539	Stimulus	S 30
1265.904	0.002	632953	Response	CR
1266	0.002	633001	Scanner	Scan Start
1266.104	0.002	633053	Stimulus	S140
1268	0.002	634001	Scanner	Scan Start
1270	0.002	635001	Scanner	Scan Start
1272	0.002	636001	Scanner	Scan Start
1274	0.002	637001	Scanner	Scan Start
1275.076	0.002	637539	Stimulus	S 40
1275.752	0.002	637877	Response	CR
1275.954	0.002	637978	Stimulus	S110
1276	0.002	638001	Scanner	Scan Start
1278	0.002	639001	Scanner	Scan Start
1280	0.002	640001	Scanner	Scan Start
1282	0.002	641001	Scanner	Scan Start
1284	0.002	642001	Scanner	Scan Start
1285.076	0.002	642539	Stimulus	S 10
1286	0.002	643001	Scanner	Scan Start
1286.36	0.002	643181	Response	MISS
1286.562	0.002	643282	Stimulus	S180
1288	0.002	644001	Scanner	Scan Start
1290	0.002	645001	Scanner	Scan Start
1292	0.002	646001	Scanner	Scan Start
1293.02	0.002	646511	Stimulus	S 40
1293.728	0.002	646865	Response	CR
1293.928	0.002	646965	Stimulus	S120
1294	0.002	647001	Scanner	Scan Start
1296	0.002	648001	Scanner	Scan Start
1298	0.002	649001	Scanner	Scan Start
1300	0.002	650001	Scanner	Scan Start
1301.096	0.002	650549	Stimulus	S 30
1301.972	0.002	650987	Response	CR
1302	0.002	651001	Scanner	Scan Start
1302.174	0.002	651088	Stimulus	S110
1304	0.002	652001	Scanner	Scan Start
1306	0.002	653001	Scanner	Scan Start
1308	0.002	654001	Scanner	Scan Start
1309.058	0.002	654530	Stimulus	S 20
1309.928	0.002	654965	Response	CR
1310	0.002	655001	Scanner	Scan Start
1310.13	0.002	655066	Stimulus	S130
1312	0.002	656001	Scanner	Scan Start
1314	0.002	657001	Scanner	Scan Start
1316	0.002	658001	Scanner	Scan Start
1317.056	0.002	658529	Stimulus	S 10
1318	0.002	659001	Scanner	Scan Start
1318.086	0.002	659044	Response	Hit
1318.288	0.002	659145	Stimulus	S120
1320	0.002	660001	Scanner	Scan Start
1322	0.002	661001	Scanner	Scan Start
1324	0.002	662001	Scanner	Scan Start
1326	0.002	663001	Scanner	Scan Start
1327.018	0.002	663510	Stimulus	S 30
1327.834	0.002	663918	Response	CR
1328	0.002	664001	Scanner	Scan Start
1328.034	0.002	664018	Stimulus	S110
1330	0.002	665001	Scanner	Scan Start
1332	0.002	666001	Scanner	Scan Start
1334	0.002	667001	Scanner	Scan Start
1336	0.002	668001	Scanner	Scan Start
1337.018	0.002	668510	Stimulus	S 10
1337.952	0.002	668977	Response	MISS
1338	0.002	669001	Scanner	Scan Start
1338.154	0.002	669078	Stimulus	S170
1340	0.002	670001	Scanner	Scan Start
1342	0.002	671001	Scanner	Scan Start
1344	0.002	672001	Scanner	Scan Start
1346	0.002	673001	Scanner	Scan Start
1347.076	0.002	673539	Stimulus	S 40
1347.838	0.002	673920	Response	CR
1348	0.002	674001	Scanner	Scan Start
1349.54	0.002	674771	Stimulus	S141
1350	0.002	675001	Scanner	Scan Start
1352	0.002	676001	Scanner	Scan Start
1354	0.002	677001	Scanner	Scan Start
1355.076	0.002	677539	Stimulus	S 20
1356	0.002	678001	Scanner	Scan Start
1356.1	0.002	678051	Response	CR
1356.302	0.002	678152	Stimulus	S110
1358	0.002	679001	Scanner	Scan Start
1360	0.002	680001	Scanner	Scan Start
1362	0.002	681001	Scanner	Scan Start
1363.018	0.002	681510	Stimulus	S 30
1364	0.002	682001	Scanner	Scan Start
1364.012	0.002	682007	Response	CR
1364.214	0.002	682108	Stimulus	S120
1366	0.002	683001	Scanner	Scan Start
1368	0.002	684001	Scanner	Scan Start
1370	0.002	685001	Scanner	Scan Start
1372	0.002	686001	Scanner	Scan Start
1373.094	0.002	686548	Stimulus	S 10
1374	0.002	687001	Scanner	Scan Start
1374.282	0.002	687142	Response	Hit
1374.484	0.002	687243	Stimulus	S140
1376	0.002	688001	Scanner	Scan Start
1378	0.002	689001	Scanner	Scan Start
1380	0.002	690001	Scanner	Scan Start
1382	0.002	691001	Scanner	Scan Start
1383.056	0.002	691529	Stimulus	S 30
1384	0.002	692001	Scanner	Scan Start
1384.094	0.002	692048	Response	CR
1384.296	0.002	692149	Stimulus	S130
1386	0.002	693001	Scanner	Scan Start
1388	0.002	694001	Scanner	Scan Start
1390	0.002	695001	Scanner	Scan Start
1391.094	0.002	695548	Stimulus	S 40
1391.806	0.002	695904	Response	CR
1392	0.002	696001	Scanner	Scan Start
1392.008	0.002	696005	Stimulus	S110
1394	0.002	697001	Scanner	Scan Start
1396	0.002	698001	Scanner	Scan Start
1398	0.002	699001	Scanner	Scan Start
1399.076	0.002	699539	Stimulus	S 20
1400	0.002	700001	Scanner	Scan Start
1400.166	0.002	700084	Response	CR
1400.368	0.002	700185	Stimulus	S140
1402	0.002	701001	Scanner	Scan Start
1404	0.002	702001	Scanner	Scan Start
1406	0.002	703001	Scanner	Scan Start
1407.094	0.002	703548	Stimulus	S 30
1407.84	0.002	703921	Response	CR
1408	0.002	704001	Scanner	Scan Start
1408.042	0.002	704022	Stimulus	S110
1410	0.002	705001	Scanner	Scan Start
1412	0.002	706001	Scanner	Scan Start
1414	0.002	707001	Scanner	Scan Start
1416	0.002	708001	Scanner	Scan Start
1417.076	0.002	708539	Stimulus	S 40
1417.822	0.002	708912	Response	CR
1418	0.002	709001	Scanner	Scan Start
1419.524	0.002	709763	Stimulus	S131
1420	0.002	710001	Scanner	Scan Start
1422	0.002	711001	Scanner	Scan Start
1424	0.002	712001	Scanner	Scan Start
1426	0.002	713001	Scanner	Scan Start
1427.076	0.002	713539	Stimulus	S 10
1428	0.002	714001	Scanner	Scan Start
1428.176	0.002	714089	Response	Hit
1428.378	0.002	714190	Stimulus	S140
1430	0.002	715001	Scanner	Scan Start
1432	0.002	716001	Scanner	Scan Start
1434	0.002	717001	Scanner	Scan Start
1435.056	0.002	717529	Stimulus	S 20
1435.99	0.002	717996	Response	CR
1436	0.002	718001	Scanner	Scan Start
1436.19	0.002	718096	Stimulus	S120
1438	0.002	719001	Scanner	Scan Start
1440	0.002	720001	Scanner	Scan Start
1442	0.002	721001	Scanner	Scan Start
1444	0.002	722001	Scanner	Scan Start
1445.02	0.002	722511	Stimulus	S 20
1446	0.002	723001	Scanner	Scan Start
1446.024	0.002	723013	Response	CR
1446.226	0.002	723114	Stimulus	S130
1448	0.002	724001	Scanner	Scan Start
1450	0.002	725001	Scanner	Scan Start
1452	0.002	726001	Scanner	Scan Start
1453.076	0.002	726539	Stimulus	S 40
1453.836	0.002	726919	Response	CR
1454	0.002	727001	Scanner	Scan Start
1454.036	0.002	727019	Stimulus	S120
1456	0.002	728001	Scanner	Scan Start
1458	0.002	729001	Scanner	Scan Start
1460	0.002	730001	Scanner	Scan Start
1462	0.002	731001	Scanner	Scan Start
1463.058	0.002	731530	Stimulus	S 40
1463.742	0.002	731872	Response	CR
1463.944	0.002	731973	Stimulus	S130
1464	0.002	732001	Scanner	Scan Start
1466	0.002	733001	Scanner	Scan Start
1468	0.002	734001	Scanner	Scan Start
1470	0.002	735001	Scanner	Scan Start
1471.058	0.002	735530	Stimulus	S 20
1472	0.002	736001	Scanner	Scan Start
1472.156	0.002	736079	Response	CR
1472.356	0.002	736179	Stimulus	S120
1474	0.002	737001	Scanner	Scan Start
1476	0.002	738001	Scanner	Scan Start
1478	0.002	739001	Scanner	Scan Start
1479.096	0.002	739549	Stimulus	S 30
1479.932	0.002	739967	Response	CR
1480	0.002	740001	Scanner	Scan Start
1480.134	0.002	740068	Stimulus	S140
1482	0.002	741001	Scanner	Scan Start
1484	0.002	742001	Scanner	Scan Start
1486	0.002	743001	Scanner	Scan Start
1487.02	0.002	743511	Stimulus	S 10
1488	0.002	744001	Scanner	Scan Start
1488.16	0.002	744081	Response	Hit
1488.362	0.002	744182	Stimulus	S110
1490	0.002	745001	Scanner	Scan Start
1492	0.002	746001	Scanner	Scan Start
1494	0.002	747001	Scanner	Scan Start
1495.038	0.002	747520	Stimulus	S 10
1496	0.002	748001	Scanner	Scan Start
1496.162	0.002	748082	Response	Hit
1496.364	0.002	748183	Stimulus	S130
1498	0.002	749001	Scanner	Scan Start
1500	0.002	750001	Scanner	Scan Start
1502	0.002	751001	Scanner	Scan Start
1504	0.002	752001	Scanner	Scan Start
1505.02	0.002	752511	Stimulus	S 30
1505.846	0.002	752924	Response	CR
1506	0.002	753001	Scanner	Scan Start
1506.046	0.002	753024	Stimulus	S140
1508	0.002	754001	Scanner	Scan Start
1510	0.002	755001	Scanner	Scan Start
1512	0.002	756001	Scanner	Scan Start
1513.02	0.002	756511	Stimulus	S 40
1513.71	0.002	756856	Response	CR
1513.91	0.002	756956	Stimulus	S120
1514	0.002	757001	Scanner	Scan Start
1516	0.002	758001	Scanner	Scan Start
1518	0.002	759001	Scanner	Scan Start
1520	0.002	760001	Scanner	Scan Start
1522	0.002	761001	Scanner	Scan Start
1523.038	0.002	761520	Stimulus	S 30
1524	0.002	762001	Scanner	Scan Start
1524.132	0.002	762067	Response	CR
1525.832	0.002	762917	Stimulus	S111
1526	0.002	763001	Scanner	Scan Start
1528	0.002	764001	Scanner	Scan Start
1530	0.002	765001	Scanner	Scan Start
1532	0.002	766001	Scanner	Scan Start
1533.056	0.002	766529	Stimulus	S 30
1533.9	0.002	766951	Response	CR
1534	0.002	767001	Scanner	Scan Start
1534.1	0.002	767051	Stimulus	S120
1536	0.002	768001	Scanner	Scan Start
1538	0.002	769001	Scanner	Scan Start
1540	0.002	770001	Scanner	Scan Start
1542	0.002	771001	Scanner	Scan Start
1543.094	0.002	771548	Stimulus	S 10
1544	0.002	772001	Scanner	Scan Start
1544.274	0.002	772138	Response	Hit
1544.474	0.002	772238	Stimulus	S130
1546	0.002	773001	Scanner	Scan Start
1548	0.002	774001	Scanner	Scan Start
1550	0.002	775001	Scanner	Scan Start
1552	0.002	776001	Scanner	Scan Start
1553.038	0.002	776520	Stimulus	S 40
1553.82	0.002	776911	Response	CR
1554	0.002	777001	Scanner	Scan Start
1554.022	0.002	777012	Stimulus	S140
1556	0.002	778001	Scanner	Scan Start
1558	0.002	779001	Scanner	Scan Start
1560	0.002	780001	Scanner	Scan Start
1561.076	0.002	780539	Stimulus	S 10
1562	0.002	781001	Scanner	Scan Start
1562.402	0.002	781202	Response	Hit
1562.602	0.002	781302	Stimulus	S130
1564	0.002	782001	Scanner	Scan Start
1566	0.002	783001	Scanner	Scan Start
1568	0.002	784001	Scanner	Scan Start
1570	0.002	785001	Scanner	Scan Start
1571.038	0.002	785520	Stimulus	S 30
1571.704	0.002	785853	Response	CR
1571.906	0.002	785954	Stimulus	S120
1572	0.002	786001	Scanner	Scan Start
1574	0.002	787001	Scanner	Scan Start
1576	0.002	788001	Scanner	Scan Start
1578	0.002	789001	Scanner	Scan Start
1579.096	0.002	789549	Stimulus	S 10
1580	0.002	790001	Scanner	Scan Start
1580.248	0.002	790125	Response	MISS
1580.448	0.002	790225	Stimulus	S150
1582	0.002	791001	Scanner	Scan Start
1584	0.002	792001	Scanner	Scan Start
1586	0.002	793001	Scanner	Scan Start
1588	0.002	794001	Scanner	Scan Start
1589.038	0.002	794520	Stimulus	S 20
1590	0.002	795001	Scanner	Scan Start
1590.074	0.002	795038	Response	CR
1591.776	0.002	795889	Stimulus	S111
1592	0.002	796001	Scanner	Scan Start
1594	0.002	797001	Scanner	Scan Start
1596	0.002	798001	Scanner	Scan Start
1598	0.002	799001	Scanner	Scan Start
1599.096	0.002	799549	Stimulus	S 40
1599.844	0.002	799923	Response	CR
1600	0.002	800001	Scanner	Scan Start
1600.046	0.002	800024	Stimulus	S140
1602	0.002	801001	Scanner	Scan Start
1604	0.002	802001	Scanner	Scan Start
1606	0.002	803001	Scanner	Scan Start
1607.038	0.002	803520	Stimulus	S 20
1608	0.002	804001	Scanner	Scan Start
1608.092	0.002	804047	Response	CR
1608.292	0.002	804147	Stimulus	S130
1610	0.002	805001	Scanner	Scan Start
1612	0.002	806001	Scanner	Scan Start
1614	0.002	807001	Scanner	Scan Start
1616	0.002	808001	Scanner	Scan Start
1617.076	0.002	808539	Stimulus	S 40
1617.826	0.002	808914	Response	CR
1618	0.002	809001	Scanner	Scan Start
1618.028	0.002	809015	Stimulus	S140
1620	0.002	810001	Scanner	Scan Start
1622	0.002	811001	Scanner	Scan Start
1624	0.002	812001	Scanner	Scan Start
1626	0.002	813001	Scanner	Scan Start
1628	0.002	814001	Scanner	Scan Start
1630	0.002	815001	Scanner	Scan Start
